Year,Quarter_Number,Quarter,Hotel_Category,Number_of_Hotels,Available_Rooms,Occupancy_Percent,DXB_Arrivals,DXB_Departures,DXB_Transit,DWC_Arrivals,DWC_Departures,DWC_Transit,Total_Overnight_Visitors,Visitors_Africa,Visitors_Americas,Visitors_Australasia,Visitors_GCC,Visitors_MENA,Visitors_NE_Asia_and_South_East_Asia,Visitors_Russia_CIS_and_Eastern_Europe,Visitors_South_Asia,Visitors_Western_Europe
2016,1,Q1,1-3 Star,265,20585,84.0,10355922.0,10452457.0,140314.0,120750.0,133466.0,3597.0,,,,,,,,,,
2016,1,Q1,4-Star,106,21608,86.0,10355922.0,10452457.0,140314.0,120750.0,133466.0,3597.0,,,,,,,,,,
2016,1,Q1,5-Star,91,31507,84.0,10355922.0,10452457.0,140314.0,120750.0,133466.0,3597.0,,,,,,,,,,
2016,2,Q2,1-3 Star,265,21092,75.0,9605432.0,9819752.0,133376.0,71885.0,79327.0,1253.0,,,,,,,,,,
2016,2,Q2,4-Star,108,21795,76.0,9605432.0,9819752.0,133376.0,71885.0,79327.0,1253.0,,,,,,,,,,
2016,2,Q2,5-Star,92,31655,77.0,9605432.0,9819752.0,133376.0,71885.0,79327.0,1253.0,,,,,,,,,,
2016,3,Q3,1-3 Star,266,21104,74.0,11196352.0,11096774.0,145507.0,92430.0,99520.0,0.0,,,,,,,,,,
2016,3,Q3,4-Star,108,22108,76.0,11196352.0,11096774.0,145507.0,92430.0,99520.0,0.0,,,,,,,,,,
2016,3,Q3,5-Star,93,31953,75.0,11196352.0,11096774.0,145507.0,92430.0,99520.0,0.0,,,,,,,,,,
2016,4,Q4,1-3 Star,267,21767,75.0,10382722.0,10196388.0,129255.0,122304.0,124860.0,1241.0,,,,,,,,,,
2016,4,Q4,4-Star,112,22990,77.0,10382722.0,10196388.0,129255.0,122304.0,124860.0,1241.0,,,,,,,,,,
2016,4,Q4,5-Star,96,33122,77.0,10382722.0,10196388.0,129255.0,122304.0,124860.0,1241.0,,,,,,,,,,
2017,1,Q1,1-3 Star,263,21490,89.0,11153419.0,11211391.0,131786.0,150238.0,175452.0,8090.0,,,,,,,,,,
2017,1,Q1,4-Star,115,23564,89.0,11153419.0,11211391.0,131786.0,150238.0,175452.0,8090.0,,,,,,,,,,
2017,1,Q1,5-Star,100,34771,85.0,11153419.0,11211391.0,131786.0,150238.0,175452.0,8090.0,,,,,,,,,,
2017,2,Q2,1-3 Star,262,21761,80.0,10102879.0,10339764.0,115030.0,101405.0,118726.0,1082.0,,,,,,,,,,
2017,2,Q2,4-Star,114,23182,79.0,10102879.0,10339764.0,115030.0,101405.0,118726.0,1082.0,,,,,,,,,,
2017,2,Q2,5-Star,102,35141,77.0,10102879.0,10339764.0,115030.0,101405.0,118726.0,1082.0,,,,,,,,,,
2017,3,Q3,1-3 Star,260,21692,77.0,11836355.0,11535278.0,142648.0,48270.0,46180.0,184.0,,,,,,,,,,
2017,3,Q3,4-Star,119,24747,77.0,11836355.0,11535278.0,142648.0,48270.0,46180.0,184.0,,,,,,,,,,
2017,3,Q3,5-Star,101,35342,74.0,11836355.0,11535278.0,142648.0,48270.0,46180.0,184.0,,,,,,,,,,
2017,4,Q4,1-3 Star,260,21591,79.0,10867192.0,10675745.0,130612.0,131198.0,120937.0,3178.0,,,,,,,,,,
2017,4,Q4,4-Star,122,25289,79.0,10867192.0,10675745.0,130612.0,131198.0,120937.0,3178.0,,,,,,,,,,
2017,4,Q4,5-Star,103,35853,76.0,10867192.0,10675745.0,130612.0,131198.0,120937.0,3178.0,,,,,,,,,,
2018,1,Q1,1-3 Star,263,21753,87.0,11296357.0,11317083.0,127755.0,163370.0,164517.0,6568.0,,,,,,,,,,
2018,1,Q1,4-Star,123,25553,88.0,11296357.0,11317083.0,127755.0,163370.0,164517.0,6568.0,,,,,,,,,,
2018,1,Q1,5-Star,106,36593,86.0,11296357.0,11317083.0,127755.0,163370.0,164517.0,6568.0,,,,,,,,,,
2018,2,Q2,1-3 Star,260,21820,77.0,10410865.0,10542385.0,44660.0,82453.0,100739.0,166.0,,,,,,,,,,
2018,2,Q2,4-Star,138,27947,76.0,10410865.0,10542385.0,44660.0,82453.0,100739.0,166.0,,,,,,,,,,
2018,2,Q2,5-Star,107,36655,77.0,10410865.0,10542385.0,44660.0,82453.0,100739.0,166.0,,,,,,,,,,
2018,3,Q3,1-3 Star,262,22498,74.0,11951557.0,11773866.0,56910.0,57385.0,61978.0,0.0,,,,,,,,,,
2018,3,Q3,4-Star,141,28679,73.0,11951557.0,11773866.0,56910.0,57385.0,61978.0,0.0,,,,,,,,,,
2018,3,Q3,5-Star,108,36913,74.0,11951557.0,11773866.0,56910.0,57385.0,61978.0,0.0,,,,,,,,,,
2018,4,Q4,1-3 Star,260,22634,75.0,10886762.0,10706495.0,34695.0,137178.0,125285.0,563.0,,,,,,,,,,
2018,4,Q4,4-Star,146,29908,75.0,10886762.0,10706495.0,34695.0,137178.0,125285.0,563.0,,,,,,,,,,
2018,4,Q4,5-Star,113,38543,76.0,10886762.0,10706495.0,34695.0,137178.0,125285.0,563.0,,,,,,,,,,
2019,1,Q1,1-3 Star,257,22942,82.0,11040902.0,11161101.0,28804.0,162550.0,163720.0,410.0,,,,,,,,,,
2019,1,Q1,4-Star,146,30223,85.0,11040902.0,11161101.0,28804.0,162550.0,163720.0,410.0,,,,,,,,,,
2019,1,Q1,5-Star,118,40139,83.0,11040902.0,11161101.0,28804.0,162550.0,163720.0,410.0,,,,,,,,,,
2019,2,Q2,1-3 Star,256,23640,75.0,9465653.0,9562309.0,18974.0,439018.0,482808.0,0.0,,,,,,,,,,
2019,2,Q2,4-Star,148,30208,75.0,9465653.0,9562309.0,18974.0,439018.0,482808.0,0.0,,,,,,,,,,
2019,2,Q2,5-Star,119,40016,75.0,9465653.0,9562309.0,18974.0,439018.0,482808.0,0.0,,,,,,,,,,
2019,3,Q3,1-3 Star,254,23725,73.0,11667562.0,11539565.0,10365.0,11638.0,10298.0,0.0,,,,,,,,,,
2019,3,Q3,4-Star,150,30744,73.0,11667562.0,11539565.0,10365.0,11638.0,10298.0,0.0,,,,,,,,,,
2019,3,Q3,5-Star,120,40784,73.0,11667562.0,11539565.0,10365.0,11638.0,10298.0,0.0,,,,,,,,,,
2019,4,Q4,1-3 Star,258,24491,75.0,11031177.0,10860625.0,9718.0,195365.0,166530.0,1731.0,,,,,,,,,,
2019,4,Q4,4-Star,158,33120,75.0,11031177.0,10860625.0,9718.0,195365.0,166530.0,1731.0,,,,,,,,,,
2019,4,Q4,5-Star,128,43133,74.0,11031177.0,10860625.0,9718.0,195365.0,166530.0,1731.0,,,,,,,,,,
2021,1,Q1,1-3 Star,231,23450,67.0,2932564.0,2812167.0,0.0,0.0,0.0,0.0,1266731.0,110105.0,61581.0,5639.0,42733.0,135186.0,50366.0,254915.0,393087.0,213119.0
2021,1,Q1,4-Star,163,35484,63.0,2932564.0,2812167.0,0.0,0.0,0.0,0.0,1266731.0,110105.0,61581.0,5639.0,42733.0,135186.0,50366.0,254915.0,393087.0,213119.0
2021,1,Q1,5-Star,132,44011,54.0,2932564.0,2812167.0,0.0,0.0,0.0,0.0,1266731.0,110105.0,61581.0,5639.0,42733.0,135186.0,50366.0,254915.0,393087.0,213119.0
2021,2,Q2,1-3 Star,231,23650,63.0,2393355.0,2507092.0,0.0,0.0,0.0,0.0,1248486.0,119979.0,87660.0,5540.0,188667.0,200392.0,59072.0,252360.0,130939.0,203877.0
2021,2,Q2,4-Star,166,36553,60.0,2393355.0,2507092.0,0.0,0.0,0.0,0.0,1248486.0,119979.0,87660.0,5540.0,188667.0,200392.0,59072.0,252360.0,130939.0,203877.0
2021,2,Q2,5-Star,133,44365,55.0,2393355.0,2507092.0,0.0,0.0,0.0,0.0,1248486.0,119979.0,87660.0,5540.0,188667.0,200392.0,59072.0,252360.0,130939.0,203877.0
2021,3,Q3,1-3 Star,236,24990,64.0,2138094.0,2229892.0,0.0,0.0,0.0,0.0,1330368.0,148701.0,115950.0,7416.0,186014.0,220080.0,47057.0,154141.0,168357.0,282652.0
2021,3,Q3,4-Star,168,37473,60.0,2138094.0,2229892.0,0.0,0.0,0.0,0.0,1330368.0,148701.0,115950.0,7416.0,186014.0,220080.0,47057.0,154141.0,168357.0,282652.0
2021,3,Q3,5-Star,137,45776,54.0,2138094.0,2229892.0,0.0,0.0,0.0,0.0,1330368.0,148701.0,115950.0,7416.0,186014.0,220080.0,47057.0,154141.0,168357.0,282652.0
2021,4,Q4,1-3 Star,243,25384,68.0,6091289.0,5702757.0,0.0,382102.0,269724.0,0.0,3436240.0,184970.0,244548.0,22065.0,517482.0,413675.0,97603.0,454866.0,596033.0,904998.0
2021,4,Q4,4-Star,181,40377,66.0,6091289.0,5702757.0,0.0,382102.0,269724.0,0.0,3436240.0,184970.0,244548.0,22065.0,517482.0,413675.0,97603.0,454866.0,596033.0,904998.0
2021,4,Q4,5-Star,143,47035,61.0,6091289.0,5702757.0,0.0,382102.0,269724.0,0.0,3436240.0,184970.0,244548.0,22065.0,517482.0,413675.0,97603.0,454866.0,596033.0,904998.0
2022,1,Q1,1-3 Star,248,25985,82.0,6844433.0,6798773.0,0.0,129997.0,132573.0,0.0,3974281.0,173074.0,257162.0,38988.0,895623.0,491331.0,126419.0,504142.0,545020.0,942522.0
2022,1,Q1,4-Star,184,40742,83.0,6844433.0,6798773.0,0.0,129997.0,132573.0,0.0,3974281.0,173074.0,257162.0,38988.0,895623.0,491331.0,126419.0,504142.0,545020.0,942522.0
2022,1,Q1,5-Star,145,47809,80.0,6844433.0,6798773.0,0.0,129997.0,132573.0,0.0,3974281.0,173074.0,257162.0,38988.0,895623.0,491331.0,126419.0,504142.0,545020.0,942522.0
2022,2,Q2,1-3 Star,254,26401,73.0,7037476.0,7204074.0,0.0,7037476.0,7204074.0,0.0,3141681.0,191850.0,207594.0,47593.0,649199.0,358757.0,152800.0,294877.0,616088.0,622923.0
2022,2,Q2,4-Star,181,40520,72.0,7037476.0,7204074.0,0.0,7037476.0,7204074.0,0.0,3141681.0,191850.0,207594.0,47593.0,649199.0,358757.0,152800.0,294877.0,616088.0,622923.0
2022,2,Q2,5-Star,147,48190,72.0,7037476.0,7204074.0,0.0,7037476.0,7204074.0,0.0,3141681.0,191850.0,207594.0,47593.0,649199.0,358757.0,152800.0,294877.0,616088.0,622923.0
2022,3,Q3,1-3 Star,259,26797,71.0,9341583.0,9114355.0,0.0,9341583.0,9114355.0,0.0,3007491.0,201582.0,210212.0,60223.0,763365.0,341437.0,154749.0,288946.0,511913.0,475064.0
2022,3,Q3,4-Star,184,41300,70.0,9341583.0,9114355.0,0.0,9341583.0,9114355.0,0.0,3007491.0,201582.0,210212.0,60223.0,763365.0,341437.0,154749.0,288946.0,511913.0,475064.0
2022,3,Q3,5-Star,148,48881,69.0,9341583.0,9114355.0,0.0,9341583.0,9114355.0,0.0,3007491.0,201582.0,210212.0,60223.0,763365.0,341437.0,154749.0,288946.0,511913.0,475064.0
2022,4,Q4,1-3 Star,270,28512,74.0,9964850.0,9764305.0,0.0,9964850.0,9764305.0,0.0,4237491.0,190021.0,357535.0,72943.0,656633.0,530577.0,234857.0,557819.0,733258.0,903848.0
2022,4,Q4,4-Star,189,42505,72.0,9964850.0,9764305.0,0.0,9964850.0,9764305.0,0.0,4237491.0,190021.0,357535.0,72943.0,656633.0,530577.0,234857.0,557819.0,733258.0,903848.0
2022,4,Q4,5-Star,151,49585,70.0,9964850.0,9764305.0,0.0,9964850.0,9764305.0,0.0,4237491.0,190021.0,357535.0,72943.0,656633.0,530577.0,234857.0,557819.0,733258.0,903848.0
2023,1,Q1,1-3 Star,275,29389,82.0,10584705.0,10671784.0,0.0,86592.0,96131.0,0.0,4668483.0,165465.0,337205.0,66751.0,704184.0,640875.0,284441.0,710608.0,750319.0,1008635.0
2023,1,Q1,4-Star,191,42743,84.0,10584705.0,10671784.0,0.0,86592.0,96131.0,0.0,4668483.0,165465.0,337205.0,66751.0,704184.0,640875.0,284441.0,710608.0,750319.0,1008635.0
2023,1,Q1,5-Star,155,51100,81.0,10584705.0,10671784.0,0.0,86592.0,96131.0,0.0,4668483.0,165465.0,337205.0,66751.0,704184.0,640875.0,284441.0,710608.0,750319.0,1008635.0
2023,2,Q2,1-3 Star,273,29469,76.0,9991557.0,10333075.0,0.0,55204.0,62538.0,0.0,3883232.0,161016.0,269964.0,79917.0,585159.0,483554.0,352517.0,507129.0,740749.0,703227.0
2023,2,Q2,4-Star,189,42480,78.0,9991557.0,10333075.0,0.0,55204.0,62538.0,0.0,3883232.0,161016.0,269964.0,79917.0,585159.0,483554.0,352517.0,507129.0,740749.0,703227.0
2023,2,Q2,5-Star,155,51227,76.0,9991557.0,10333075.0,0.0,55204.0,62538.0,0.0,3883232.0,161016.0,269964.0,79917.0,585159.0,483554.0,352517.0,507129.0,740749.0,703227.0
2023,3,Q3,1-3 Star,276,29157,76.0,11792315.0,11171912.0,,29703.0,28747.0,,3846941.0,197492.0,266608.0,99911.0,727672.0,447299.0,386517.0,396749.0,722190.0,602503.0
2023,3,Q3,4-Star,188,42297,76.0,11792315.0,11171912.0,,29703.0,28747.0,,3846941.0,197492.0,266608.0,99911.0,727672.0,447299.0,386517.0,396749.0,722190.0,602503.0
2023,3,Q3,5-Star,156,51295,73.0,11792315.0,11171912.0,,29703.0,28747.0,,3846941.0,197492.0,266608.0,99911.0,727672.0,447299.0,386517.0,396749.0,722190.0,602503.0
2023,4,Q4,1-3 Star,274,28789,78.0,11389169.0,11059848.0,,98422.0,89223.0,,4755445.0,229608.0,355282.0,91650.0,634772.0,518320.0,435529.0,642148.0,867988.0,980148.0
2023,4,Q4,4-Star,194,43283,78.0,11389169.0,11059848.0,,98422.0,89223.0,,4755445.0,229608.0,355282.0,91650.0,634772.0,518320.0,435529.0,642148.0,867988.0,980148.0
2023,4,Q4,5-Star,157,51809,75.0,11389169.0,11059848.0,,98422.0,89223.0,,4755445.0,229608.0,355282.0,91650.0,634772.0,518320.0,435529.0,642148.0,867988.0,980148.0
2024,1,Q1,1-3 Star,276,29100,82.0,11514965.0,11537095.0,0.0,168866.0,168193.0,0.0,5179731.0,202272.0,343769.0,69817.0,663928.0,604905.0,470201.0,817497.0,868864.0,1138478.0
2024,1,Q1,4-Star,197,43792,84.0,11514965.0,11537095.0,0.0,168866.0,168193.0,0.0,5179731.0,202272.0,343769.0,69817.0,663928.0,604905.0,470201.0,817497.0,868864.0,1138478.0
2024,1,Q1,5-Star,163,52692,81.0,11514965.0,11537095.0,0.0,168866.0,168193.0,0.0,5179731.0,202272.0,343769.0,69817.0,663928.0,604905.0,470201.0,817497.0,868864.0,1138478.0
2024,2,Q2,1-3 Star,273,28321,78.0,10789693.0,11050416.0,0.0,108957.0,114341.0,0.0,4130899.0,201301.0,273506.0,84252.0,606953.0,483628.0,425899.0,555771.0,748123.0,751466.0
2024,2,Q2,4-Star,196,43593,80.0,10789693.0,11050416.0,0.0,108957.0,114341.0,0.0,4130899.0,201301.0,273506.0,84252.0,606953.0,483628.0,425899.0,555771.0,748123.0,751466.0
2024,2,Q2,5-Star,165,52885,77.0,10789693.0,11050416.0,0.0,108957.0,114341.0,0.0,4130899.0,201301.0,273506.0,84252.0,606953.0,483628.0,425899.0,555771.0,748123.0,751466.0
2024,3,Q3,1-3 Star,275,28906,77.0,12062485.0,11673073.0,,58436.0,54525.0,,,,,,,,,,,
2024,3,Q3,4-Star,197,43817,77.0,12062485.0,11673073.0,,58436.0,54525.0,,,,,,,,,,,
2024,3,Q3,5-Star,166,52917,74.0,12062485.0,11673073.0,,58436.0,54525.0,,,,,,,,,,,
2024,4,Q4,1-3 Star,277,29718,79.0,11935500.0,11768279.0,0.0,204487.0,191383.0,0.0,,,,,,,,,,
2024,4,Q4,4-Star,198,43846,79.0,11935500.0,11768279.0,0.0,204487.0,191383.0,0.0,,,,,,,,,,
2024,4,Q4,5-Star,168,54083,76.0,11935500.0,11768279.0,0.0,204487.0,191383.0,0.0,,,,,,,,,,
2025,1,Q1,1-3 Star,278,29354,80.0,11581663.0,11808957.0,,240860.0,242259.0,,,,,,,,,,,
2025,1,Q1,4-Star,199,43943,82.0,11581663.0,11808957.0,,240860.0,242259.0,,,,,,,,,,,
2025,1,Q1,5-Star,169,54429,81.0,11581663.0,11808957.0,,240860.0,242259.0,,,,,,,,,,,
2025,2,Q2,1-3 Star,276,29276,80.0,11235105.0,11289210.0,,137517.0,143970.0,,,,,,,,,,,
2025,2,Q2,4-Star,197,43855,81.0,11235105.0,11289210.0,,137517.0,143970.0,,,,,,,,,,,
2025,2,Q2,5-Star,167,53774,80.0,11235105.0,11289210.0,,137517.0,143970.0,,,,,,,,,,,
2025,3,Q3,1-3 Star,276,29294,79.0,12380376.0,11795365.0,,75400.0,74881.0,,,,,,,,,,,
2025,3,Q3,4-Star,194,43219,79.0,12380376.0,11795365.0,,75400.0,74881.0,,,,,,,,,,,
2025,3,Q3,5-Star,169,54316,77.0,12380376.0,11795365.0,,75400.0,74881.0,,,,,,,,,,,
2025,4,Q4,1-3 Star,280,29523,81.0,12712077.0,12389407.0,,247059.0,231373.0,,,,,,,,,,,
2025,4,Q4,4-Star,195,43500,81.0,12712077.0,12389407.0,,247059.0,231373.0,,,,,,,,,,,
2025,4,Q4,5-Star,173,56048,79.0,12712077.0,12389407.0,,247059.0,231373.0,,,,,,,,,,,
